disID,titre
178,"Do governments give bad incentives to banks? - April 18, 2016"
24,"Do governments give bad incentives to banks? - March 21, 2016"
935,Hello
423,"Why not always use multiples-based valuation methods? - March 13, 2017"
1156,I can not solve these questions please help my friends
556,"How much gold would you put in your portfolio? - July 03, 2017"
356,"How much gold would you put in your portfolio? - June 27, 2016"
99,"Do governments give bad incentives to banks? - August 22, 2016"
1212,Will Buffett win his S&P 500 fund vs Hedge Fund bet?
60,"Why not always use multiples-based valuation methods? - June 19, 2017"
450,"Why not always use multiples-based valuation methods? - October 29, 2018"
36,"How much gold would you put in your portfolio? - March 21, 2016"
396,"How much gold would you put in your portfolio? - November 14, 2016"
259,"Do governments give bad incentives to banks? - July 23, 2018"
9,"Do governments give bad incentives to banks? - March 07, 2016"
441,"How much gold would you put in your portfolio? - April 16, 2018"
22,"How much gold would you put in your portfolio? - February 09, 2016"
139,"How much gold would you put in your portfolio? - March 27, 2017"
97,"How much gold would you put in your portfolio? - July 11, 2016"
171,"How much gold would you put in your portfolio? - July 25, 2016"
8,"How much gold would you put in your portfolio? - September 19, 2016"
192,"Do governments give bad incentives to banks? - August 08, 2016"
504,"Why not always use multiples-based valuation methods? - August 06, 2018"
314,"Why not always use multiples-based valuation methods? - May 14, 2018"
250,"Do governments give bad incentives to banks? - September 24, 2018"
18,"Why not always use multiples-based valuation methods? - February 09, 2016"
58,first quiz
783,Convertible bonds
15,"Why not always use multiples-based valuation methods? - March 21, 2016"
126,"How much gold would you put in your portfolio? - June 13, 2016"
149,"Do governments give bad incentives to banks? - May 30, 2016"
283,"Do governments give bad incentives to banks? - July 17, 2017"
256,"Why not always use multiples-based valuation methods? - August 08, 2016"
826,"Why not always use multiples-based valuation methods? - May 07, 2018"
48,Why not always use multiples-based valuation methods?
76,"How much gold would you put in your portfolio? - September 17, 2018"
52,"How much gold would you put in your portfolio? - May 16, 2016"
310,"How much gold would you put in your portfolio? - October 17, 2016"
1193,Is there any real way to grow weath in India?
285,Why not always use multiples-based valuation methods?
328,Do governments give bad incentives to banks?
533,"Why not always use multiples-based valuation methods? - April 03, 2017"
537,Fat K
20,"How much gold would you put in your portfolio? - August 08, 2016"
647,2 step Approach?
16,How much gold would you put in your portfolio?
515,"So if I just want to take this class, not get a certification, I don't take the tests?"
145,"Do governments give bad incentives to banks? - February 09, 2016"
531,Assignment 2 question 5 (NPV of stock purchase)
409,"How much gold would you put in your portfolio? - February 27, 2017"
7,"Why not always use multiples-based valuation methods? - March 07, 2016"
406,"How much gold would you put in your portfolio? - January 30, 2017"
73,How much gold would you put in your portfolio?
436,"Do governments give bad incentives to banks? - January 23, 2017"
830,Feedback for week 1
153,"How much gold would you put in your portfolio? - February 22, 2016"
143,Do governments give bad incentives to banks?
155,Why not always use multiples-based valuation methods?
98,"Do governments give bad incentives to banks? - October 17, 2016"
354,How much gold would you put in your portfolio?
142,Teaching materials
109,"Why not always use multiples-based valuation methods? - April 10, 2017"
37,Do governments give bad incentives to banks?
294,"Why not always use multiples-based valuation methods? - August 22, 2016"
910,Hello to my fellow students
293,Hello from India!
1017,Greetings
326,"Why not always use multiples-based valuation methods? - August 27, 2018"
447,"Do governments give bad incentives to banks? - May 22, 2017"
224,"Why not always use multiples-based valuation methods? - April 30, 2018"
47,Basics: Data stream & buying stocks
100,What does return / risk of a Country refer to?
743,Erratum
168,"How much gold would you put in your portfolio? - May 29, 2017"
776,How much gold would you put in your portfolio?
34,"Do governments give bad incentives to banks? - February 22, 2016"
788,How to calculate the price of one share using Discounted Cashflow (DCF)?
217,Company Pricing
1066,"Significance of Debt in valuation of a company using ""Multiples"" approach"
82,"Do governments give bad incentives to banks? - September 05, 2016"
159,Why not always use multiples-based valuation methods?
41,"Do governments give bad incentives to banks? - May 01, 2017"
174,"How much gold would you put in your portfolio? - May 15, 2017"
1098,module 2 quiz
134,"Why not always use multiples-based valuation methods? - February 22, 2016"
661,"Why not always use multiples-based valuation methods? - August 20, 2018"
353,where does the 1742 come from
44,"Why not always use multiples-based valuation methods? - April 04, 2016"
344,"Do governments give bad incentives to banks? - June 05, 2017"
252,How much gold would you put in your portfolio?
502,Why not always use multiples-based valuation methods?
229,"Do governments give bad incentives to banks? - May 15, 2017"
402,How much gold would you put in your portfolio?
307,"Why not always use multiples-based valuation methods? - October 31, 2016"
112,"Why not always use multiples-based valuation methods? - September 19, 2016"
25,"Why not always use multiples-based valuation methods? - April 18, 2016"
30,"Do governments give bad incentives to banks? - September 19, 2016"
161,Do governments give bad incentives to banks?
415,"How much gold would you put in your portfolio? - September 05, 2016"
652,Financial stocks : when should we buy ?
221,Why not always use multiples-based valuation methods?
111,How much gold would you put in your portfolio?
71,is there a video explaining each of the terminology?
270,"How much gold would you put in your portfolio? - June 19, 2017"
520,Do governments give bad incentives to banks?
490,"Do governments give bad incentives to banks? - April 24, 2017"
1113,Time period for Discounted Cash Flow?
302,"Do governments give bad incentives to banks? - April 03, 2017"
80,"Why not always use multiples-based valuation methods? - July 11, 2016"
246,"How much gold would you put in your portfolio? - January 16, 2017"
108,"Why not always use multiples-based valuation methods? - May 16, 2016"
323,"Why not always use multiples-based valuation methods? - July 02, 2018"
1048,"Question regarding ""Mind the Currrency Gap"" segment"
2,"Why not always use multiples-based valuation methods? - October 03, 2016"
199,"How much gold would you put in your portfolio? - April 24, 2017"
152,"How much gold would you put in your portfolio? - June 12, 2017"
150,"How much gold would you put in your portfolio? - March 07, 2016"
12,Why not always use multiples-based valuation methods?
1062,"Quiz week 2, multiples question"
819,Do others find the terms used in describing bond yield-price relationship misleading?
27,"Why not always use multiples-based valuation methods? - February 06, 2017"
282,"Why not always use multiples-based valuation methods? - June 25, 2018"
536,"Do governments give bad incentives to banks? - December 19, 2016"
65,"How much gold would you put in your portfolio? - May 28, 2018"
470,Why not always use multiples-based valuation methods?
568,"Do governments give bad incentives to banks? - March 27, 2017"
125,"Hello from Portland, OR, USA"
343,Why not always use multiples-based valuation methods?
440,How much gold would you put in your portfolio?
456,fundamentals
106,where does the 1742 come from
208,Do governments give bad incentives to banks?
418,Why not always use multiples-based valuation methods?
535,How to rate the course
255,How much gold would you put in your portfolio?
228,How much gold would you put in your portfolio?
29,"Why not always use multiples-based valuation methods? - June 27, 2016"
624,How much gold would you put in your portfolio?
275,"How much gold would you put in your portfolio? - April 18, 2016"
338,"Do governments give bad incentives to banks? - May 02, 2016"
467,Why not always use multiples-based valuation methods?
194,Do governments give bad incentives to banks?
63,"Why not always use multiples-based valuation methods? - June 12, 2017"
92,Do governments give bad incentives to banks?
216,"Why not always use multiples-based valuation methods? - May 30, 2016"
79,"Why not always use multiples-based valuation methods? - July 09, 2018"
389,"Why not always use multiples-based valuation methods? - July 17, 2017"
805,Very little participation in the forums...
249,"Why not always use multiples-based valuation methods? - January 30, 2017"
117,"Do governments give bad incentives to banks? - May 16, 2016"
862,German bonds yields negative
753,"How much gold would you put in your portfolio? - April 17, 2017"
1,Do governments give bad incentives to banks?
657,Glossary thread
384,How much gold would you put in your portfolio?
50,"How much gold would you put in your portfolio? - July 16, 2018"
43,"Why not always use multiples-based valuation methods? - April 16, 2018"
604,"How much gold would you put in your portfolio? - May 14, 2018"
607,How much gold would you put in your portfolio?
525,Do governments give bad incentives to banks?
101,Greetings
319,"How much gold would you put in your portfolio? - July 17, 2017"
206,"How much gold would you put in your portfolio? - February 06, 2017"
361,"How much gold would you put in your portfolio? - June 05, 2017"
140,"How much gold would you put in your portfolio? - October 24, 2016"
280,"Why not always use multiples-based valuation methods? - September 05, 2016"
157,"How much gold would you put in your portfolio? - February 20, 2017"
45,"Why not always use multiples-based valuation methods? - May 08, 2017"
334,"Do governments give bad incentives to banks? - January 02, 2017"
119,"Do governments give bad incentives to banks? - October 24, 2016"
116,"Why not always use multiples-based valuation methods? - June 13, 2016"
272,"Hello, from Okinawa"
31,"Do governments give bad incentives to banks? - October 03, 2016"
336,Why not always use multiples-based valuation methods?
331,"Why not always use multiples-based valuation methods? - May 29, 2017"
518,Do governments give bad incentives to banks?
257,"Do governments give bad incentives to banks? - February 20, 2017"
237,"How much gold would you put in your portfolio? - July 02, 2018"
621,"Do governments give bad incentives to banks? - April 23, 2018"
198,How much gold would you put in your portfolio?
642,Do governments give bad incentives to banks?
1072,Hello Everyone
248,"Do governments give bad incentives to banks? - October 08, 2018"
660,Where do I find a copy of the slides that are shown?
68,How much gold would you put in your portfolio?
486,Do governments give bad incentives to banks?
273,"Do governments give bad incentives to banks? - May 29, 2017"
530,"How much gold would you put in your portfolio? - October 08, 2018"
1261,Quiz Q#8 Explanation Errata
1015,An Engineer in the Financial World
366,Do governments give bad incentives to banks?
393,"Do governments give bad incentives to banks? - August 27, 2018"
600,"How much gold would you put in your portfolio? - October 31, 2016"
426,Why not always use multiples-based valuation methods?
566,"How much gold would you put in your portfolio? - April 03, 2017"
1122,"Q9, quiz 2"
105,"How much gold would you put in your portfolio? - July 30, 2018"
563,Histogram- Clarification on above example
245,"Do governments give bad incentives to banks? - December 26, 2016"
166,Question 9 on week 2
114,Hi from Sao Paulo Brazil
225,"How much gold would you put in your portfolio? - May 08, 2017"
416,How much gold would you put in your portfolio?
561,How much gold would you put in your portfolio?
614,Do governments give bad incentives to banks?
1007,Sameep Kodia
132,How much gold would you put in your portfolio?
271,Why not always use multiples-based valuation methods?
1148,What happen if the Weighted Avg Cost of Capital is smaller than the constant growth rate?
358,"How much gold would you put in your portfolio? - April 10, 2017"
3,"Why not always use multiples-based valuation methods? - February 27, 2017"
462,"How much gold would you put in your portfolio? - October 01, 2018"
38,Do governments give bad incentives to banks?
702,"Why not always use multiples-based valuation methods? - January 23, 2017"
141,"Why not always use multiples-based valuation methods? - October 15, 2018"
262,Why not always use multiples-based valuation methods?
49,Do governments give bad incentives to banks?
247,Why not always use multiples-based valuation methods?
151,"How much gold would you put in your portfolio? - October 03, 2016"
86,Why not always use multiples-based valuation methods?
771,Overvalued companies
115,"Do governments give bad incentives to banks? - October 01, 2018"
72,Why not always use multiples-based valuation methods?
181,"How much gold would you put in your portfolio? - June 18, 2018"
964,Hello From Wakanda!
386,"Why not always use multiples-based valuation methods? - January 02, 2017"
158,"Why not always use multiples-based valuation methods? - October 04, 2018"
4,"Do governments give bad incentives to banks? - January 09, 2017"
608,"Do governments give bad incentives to banks? - June 11, 2018"
33,"Why not always use multiples-based valuation methods? - July 03, 2017"
113,How much gold would you put in your portfolio?
564,This is not too long.
197,Do governments give bad incentives to banks?
403,Where could i find assignments? Only quiz in each part
339,Hi... I'm from India!! Excited to learn about financial markets.
1129,Badly presented
235,Bonjour from China
124,"Do governments give bad incentives to banks? - July 25, 2016"
746,Hello from Greece
75,"How much gold would you put in your portfolio? - March 13, 2017"
17,Why not always use multiples-based valuation methods?
693,Hello everyone
348,"Do governments give bad incentives to banks? - October 15, 2018"
85,"Why not always use multiples-based valuation methods? - June 26, 2017"
1136,Problems on the Equity quiz
501,"Do governments give bad incentives to banks? - July 09, 2018"
332,Could  we ask complex questions from guest speakers from UBS
953,Technical Problems
311,Payment Issue
154,"How much gold would you put in your portfolio? - December 12, 2016"
32,I'm so lost
497,"Why not always use multiples-based valuation methods? - January 16, 2017"
295,"Why not always use multiples-based valuation methods? - May 02, 2016"
1269,Question
5,"Do governments give bad incentives to banks? - July 03, 2017"
251,"Why not always use multiples-based valuation methods? - January 09, 2017"
279,How much gold would you put in your portfolio?
350,"How much gold would you put in your portfolio? - May 22, 2017"
1262,How to Calculate WACC and Discount Rate (r)
14,"How much gold would you put in your portfolio? - November 21, 2016"
1226,About the real value of a currency
452,And when the yield curve is totally flat?
96,"Why not always use multiples-based valuation methods? - July 16, 2018"
761,IN VIDEO QUIZ
321,"Do governments give bad incentives to banks? - November 21, 2016"
121,How much gold would you put in your portfolio?
846,"Do governments give bad incentives to banks? - June 25, 2018"
144,Do governments give bad incentives to banks?
59,"How much gold would you put in your portfolio? - April 04, 2016"
218,"How much gold would you put in your portfolio? - May 30, 2016"
1121,Confused about flattening of yield curve because of inflation expectations
288,Oversimplifying issues
215,Why not always use multiples-based valuation methods?
54,Do governments give bad incentives to banks?
87,accessing the <Meeting Investors' Goals> course
534,"Do governments give bad incentives to banks? - April 16, 2018"
947,"What does ""discounted to market pricing"" mean?"
524,"How much gold would you put in your portfolio? - September 24, 2018"
1119,Market Valuation
19,"Do governments give bad incentives to banks? - April 04, 2016"
51,Hi everyone.. Good evening from Ghana
265,Do governments give bad incentives to banks?
110,Why not always use multiples-based valuation methods?
821,Anyone from PH here?
167,"How much gold would you put in your portfolio? - August 22, 2016"
263,"Why not always use multiples-based valuation methods? - March 20, 2017"
210,"Do governments give bad incentives to banks? - April 30, 2018"
258,"Do governments give bad incentives to banks? - March 13, 2017"
347,Why not always use multiples-based valuation methods?
735,Risk and Histograms
857,Access to quiz marks when not seeking certification
758,How is the the 'risk' calculated?
632,Do governments give bad incentives to banks?
191,Quiz 2
705,When exactly is the next course starting?
260,Why not always use multiples-based valuation methods?
301,How much gold would you put in your portfolio?
562,"How much gold would you put in your portfolio? - January 09, 2017"
505,Do governments give bad incentives to banks?
315,"Why not always use multiples-based valuation methods? - July 10, 2017"
589,HELP!!!! QUIZ 1
686,Do governments give bad incentives to banks?
90,Why not always use multiples-based valuation methods?
677,"Do governments give bad incentives to banks? - December 05, 2016"
1130,Fiduciary deposit
6,Why not always use multiples-based valuation methods?
277,Why not always use multiples-based valuation methods?
179,question
35,"Why not always use multiples-based valuation methods? - October 17, 2016"
1248,Reserve Bank of Australia goals
148,Why not consider compounding when calculating returns?
513,Quiz 2 Number representation Help
397,"Calculating ""g"" and ""WACC"" in real data"
748,no quiz about week2?
1054,Hello all!
69,How much gold would you put in your portfolio?
1236,Graded quiz on the content of Module 1
414,Too long
1050,You are an amazing professor...period
84,"How much gold would you put in your portfolio? - November 28, 2016"
598,P/E ratio
1073,Hello everyone I'm Thierry from Ha√Øti.
532,About Quiz XYZ
203,Why not always use multiples-based valuation methods?
1025,How to measure duration of the bond?
493,"Hi everyone, I'm Paola from San Francisco"
303,"Do governments give bad incentives to banks? - May 14, 2018"
62,"Do governments give bad incentives to banks? - July 16, 2018"
879,undervalued currency / high economic growth
488,"How much gold would you put in your portfolio? - October 22, 2018"
949,How much of the course is applicable in US and international market?
736,Why not always use multiples-based valuation methods?
242,"How much gold would you put in your portfolio? - March 20, 2017"
172,"Do governments give bad incentives to banks? - June 26, 2017"
395,"Do governments give bad incentives to banks? - August 06, 2018"
799,Introduction
57,"How much gold would you put in your portfolio? - December 26, 2016"
443,"How much gold would you put in your portfolio? - September 10, 2018"
390,"Do governments give bad incentives to banks? - October 22, 2018"
241,Why not always use multiples-based valuation methods?
359,"Why not always use multiples-based valuation methods? - June 04, 2018"
420,How much gold would you put in your portfolio?
373,"Why not always use multiples-based valuation methods? - December 26, 2016"
1059,Terminal Value error
750,Why do the stock prices of some companies not increase despite generating high Profits?
706,PPP regression methodology
449,Do governments give bad incentives to banks?
77,"Do governments give bad incentives to banks? - June 27, 2016"
61,Why not always use multiples-based valuation methods?
196,How much gold would you put in your portfolio?
417,How much gold would you put in your portfolio?
1069,Hello from Chicago
325,"Do governments give bad incentives to banks? - November 28, 2016"
714,How to make a chart of P/E Ratio like in the video?
1265,"What if you live in a ""no finance"" Country?"
422,"Quiz 2, question 5 (SOS:))))"
405,"Do governments give bad incentives to banks? - April 17, 2017"
376,Prerequisites
587,Assignment
184,"How much gold would you put in your portfolio? - October 15, 2018"
147,"Do governments give bad incentives to banks? - July 11, 2016"
718,"Do governments give bad incentives to banks? - December 12, 2016"
317,Can someone who has no background in finance take up this course?
848,after Week 1 without payment
1202,Basic concepts in finance - adding percentages?
13,Inflation in Zimbabwe
212,"How much gold would you put in your portfolio? - May 01, 2017"
1041,Hi from Geneva!
222,How much gold would you put in your portfolio?
545,Yen stronger or weaker?
238,How much gold would you put in your portfolio?
66,Percentage quiz
496,How to obtain discount rate?
67,"How much gold would you put in your portfolio? - August 20, 2018"
379,QUIZ  Do you think company XYZ is overvalued?
243,How to do the quiz if you haven't studied Math or Advanced Excel?
554,Do governments give bad incentives to banks?
573,Currency Pair False
340,"Do governments give bad incentives to banks? - July 30, 2018"
120,"Do governments give bad incentives to banks? - June 19, 2017"
979,Hello from Lagos
460,"Do governments give bad incentives to banks? - May 08, 2017"
1127,Couldn't find Glossary mentioned lecture videos
292,"Do governments give bad incentives to banks? - June 13, 2016"
985,Recommended textbook
200,Question on the picture showing children playing with bank notes. Did anyone manage to get it right?
419,P/E Ratio Important when picking Stock
478,Hedge fund managers
853,Macro Prudential Measures
950,investing in bonds
1141,"Hi, From Palo Alto Californa"
378,Why not always use multiples-based valuation methods?
635,Hello from a Lebanese in Canada
888,Equity Index
209,"How much gold would you put in your portfolio? - August 27, 2018"
665,Test for Module 1
503,"Why not always use multiples-based valuation methods? - November 21, 2016"
595,Duration vs Maturity Example in Week 2
476,Market failure vs Government failure
377,About the quiz2
130,Do governments give bad incentives to banks?
1178,Doubt about a question in Introductory Video
371,Do governments give bad incentives to banks?
195,"How much gold would you put in your portfolio? - August 06, 2018"
387,Do governments give bad incentives to banks?
481,Investment Questions/Education/Group
697,Hedging currency risk
468,How much gold would you put in your portfolio?
364,Do governments give bad incentives to banks?
723,Error - Quiz1
876,Managing investments with computer programs.
74,"Why not always use multiples-based valuation methods? - August 13, 2018"
188,Why not always use multiples-based valuation methods?
428,Linkedin: Let's connect!
